
 -- category 필드의 값은 카테고리를 나타내는 bitFlag 값
insert into book
values ('9788937462788', '노인과 바다', '어니스트 헤밍웨이', '믿음사', '2012-01-02', '미국 현대 문학의 개척자라 불리는 어니스트 헤밍웨이의 대표작 『노인과 바다』. 퓰리처상 수상작이자 헤밍웨이의 마지막 소설로, 작가 고유의 소설 수법과 실존 철학이 집약된 헤밍웨이 문학의 결정판이다. 한 노인의 실존적 투쟁과 불굴의 의지를 절제된 문장으로 강렬하게 그려냈다. 십여 년 동안 이렇다 할 작품을 내놓지 못했던 헤밍웨이는 이 작품을 통해 작가적 생명력을 재확인하고 삶을 긍정하는 성숙한 태도를 보여주었다. 개인주의와 허무주의를 넘어 인간과 자연을 긍정하고 진정한 연대의 가치를 역설한다. 감정을 절제한 문체와 사실주의 기법, 다양한 상징과 전지적 화법을 활용하여 작품의 깊이를 더했다.', 193, 'https://contents.kyobobook.co.kr/sih/fit-in/458x0/pdt/9788937462788.jpg', 132);
insert into book
values ('9788937460449', '데미안', '헤르만 헤세', '믿음사', '2009-01-20', '현실에 대결하는 영혼의 발전을 담은 헤르만 헤세의 걸작 『데미안』. 독일 문학의 거장이자 노벨문학상 수상작가 헤르만 헤세의 자전적 소설이다. 1차 세계대전 직후인 1919년 에밀 싱클레어라는 가명으로 발표했던 작품으로, 열 살 소년이 스무 살 청년이 되기까지 고독하고 힘든 성장의 과정을 그리고 있다. 불안과 좌절에 사로잡힌 청춘의 내면을 다룬 이 작품은 지금까지 수많은 청년세대의 마음에 깊은 울림을 전하고 있다.', 240, 'https://contents.kyobobook.co.kr/sih/fit-in/458x0/pdt/9788937460449.jpg', 132);
insert into book
values ('9788971904398', '샌드위치 어떻게 조립해야 하나', 'Nagata Yui', '그린쿡', '2014-02-10', '정통 샌드위치에는 ‘보편적인 맛’이 있다 모든 음식에는 오래전부터 내려온 정통 요리가 있다. 왜 정통요리는 시대와 문화를 초월하여 지속적인 사랑을 받아왔을까? 그 이유는 ‘보편적인 맛’ 때문이다. 전세계에서 사랑받는 정통 샌드위치에는 샌드위치 만들기의 기본이 응축되어 있다. 맛있는 샌드위치를 만들기 위해서는 이러한 정통 샌드위치를 분석하고, 그 보편적인 맛의 조립규칙을 이해하는 것이 중요하다. 이 책에서는 샌드위치의 원조 영국을 비롯하여 프랑스, 미국, 독일, 이탈리아 등 7개국과 북유럽, 중동 등 2개 지역에서 25가지 샌드위치 메뉴를 골라 그 유래와 만드는 포인트, 응용 테크닉까지 자세히 알려준다. 또한, 정통 레시피를 바탕으로 계절별로 응용한 샌드위치를 주제에 따라 많은 종류를 충실하게 담아 설명하였고, 기본 테크닉과 재료에 대한 정보 등 전문적인 지식도 알차게 들어있다.', 240, 'https://contents.kyobobook.co.kr/sih/fit-in/458x0/pdt/9788971904398.jpg', 66);
insert into book
values ('9788932916804', '돈키호테 1', '세르반테스', '열린책들', '2014-11-15', '미겔 데 세르반테스 사아베드라의 소설 『돈키호테』 제1권. 기사 소설에 탐닉하다가 정신을 잃어 기사가 되겠다고 나선 한 엄숙한 미치광이의 이야기를 그린 이 작품은 성서 다음으로 지구상에서 가장 다양한 언어로 번역된 책이기도 합니다. 이번 한국어판은 고려대학교 스페인어문학과 안영옥 교수가 5년의 고증과 스페인에서의 답사를 걸쳐 번역한 것인데요. 마드리드 대학의 교수부터 스페인의 노인들에게까지 묻고 다니며 책에 나오는 구어체 표현이나 현재는 사용되지 않는 어휘들, 역사적이고 문화적인 배경이 포함된 이야기들을 제대로 옮겨냈습니다.', 784, 'https://contents.kyobobook.co.kr/sih/fit-in/458x0/pdt/9788932916804.jpg', 132);
insert into book
values ('9788932916811', '돈키호테 2', '세르반테스', '열린책들', '2014-11-15', '미겔 데 세르반테스 사아베드라의 소설 『돈키호테』 제2권. 기사 소설에 탐닉하다가 정신을 잃어 기사가 되겠다고 나선 한 엄숙한 미치광이의 이야기를 그린 이 작품은 성서 다음으로 지구상에서 가장 다양한 언어로 번역된 책이기도 합니다. 이번 한국어판은 고려대학교 스페인어문학과 안영옥 교수가 5년의 고증과 스페인에서의 답사를 걸쳐 번역한 것인데요. 마드리드 대학의 교수부터 스페인의 노인들에게까지 묻고 다니며 책에 나오는 구어체 표현이나 현재는 사용되지 않는 어휘들, 역사적이고 문화적인 배경이 포함된 이야기들을 제대로 옮겨냈습니다.', 936, 'https://contents.kyobobook.co.kr/sih/fit-in/458x0/pdt/9788932916811.jpg', 132);
insert into book
values ('9791139707144', '모비딕' , '허먼멜빌', 'Libreka GmbH', '2022-08-30', '현실의 한계에 도전하는 인간의 집념을 담은 허먼 멜빌의 걸작 『모비딕』. 미국 문학의 거장이자 심오한 철학적 주제를 탐구한 작가 허먼 멜빌의 상징적 소설이다. 19세기 중반에 발표된 이 작품은 백경 모비딕을 쫓는 에이허브 선장의 집착과 모험을 통해 인간의 한계와 자연의 위대함을 그린다. 거대한 고래와의 사투를 통해 인간의 집념과 비극을 탐구하는 이 작품은 지금까지 수많은 독자들에게 깊은 인상을 남기고 있다.', 744, 'https://contents.kyobobook.co.kr/sih/fit-in/458x0/pdt/9791139707137.jpg', 132);
insert into book
values ('9780525433446', 'The Brain', '데이비드 이글먼', '해나무', '2017-07-25', '삶에서 뇌는 얼마나 중요한가? 뇌는 캄캄하고 고요한 두개골 속에 갇혀 있지만, 세계를 파악하고 ‘나’라는 정체성을 만드는 데 없어서는 안 될 신체 기관이다. 데이비드 이글먼의 『더 브레인』(원제: The Brain : The Story of You)은 뇌가 하는 일이 과연 무엇인지, 도대체 뇌는 어떻게 작동하는지를 최신 뇌과학에 기대어 매우 쉽고 친절하게 소개해주는 대중 교양 과학서이다.', 328, 'https://contents.kyobobook.co.kr/sih/fit-in/458x0/pdt/9788956057293.jpg' 20);
insert into book
values('9791197883958', '문명', '케네스 클라크', '소요서가', '2024-06-05', '《문명》에서 케네스 클라크는 상시적인 외적 위협과 내적 붕괴의 위험 속에서도 중단되지 않았던 예술적 재생의 운동에 정신사적 시선을 유지한다. 위태로워서 더욱 위대한 이 운동에서 클라크는 '양극성'(polarity)을 감지하고 매료된다. 그로테스크한 것과 아름다운 것, 남성적인 것과 여성적인 것, 추한 것과 이상적인 것의 긴장과 갈등을 기꺼이 향유했던 그는 양차 세계대전의 폐허 위에서도 문명에 대한 믿음을 끝내 거두지 않았다. 그것이 케네스 클라크가 명확하게 답하지 않는 물음, ‘문명이란 무엇인가?’라는 질문이 가진 역사적 가치이자 힘이다.', 496, 'https://contents.kyobobook.co.kr/sih/fit-in/458x0/pdt/9791197883958.jpg', 36);
insert into book
values('9791160051384', '나를 발견하는 대학 생활', '홍기훈', '북카라반', '2024-06-10', '이 책은 필자들이 이 사회에 자리 잡는 과정에서 했던 수많은 고민과 실수들, 그리고 대학에서 일하면서 경험했던 수많은 학생이 겪은 사례들의 집대성이다. 학생들은 자신의 미래에 대해 많은 걱정을 하지만 돌파구를 찾지는 못하고 있다. 취업하기 위해서는 자신의 진로를 정해야 하는데 일을 해본 적이 없어 진로를 알기가 어렵다. 많은 학생이 여기에서 좌절한다, 진로에 대한 고민은 사실 삶의 방향성에 대한 고민이다. 삶의 방향성에 대한 고민의 답을 어느 정도 알게 되면 진로와 취업은 자연스레 따라온다. 그렇기 때문에 시작은 스스로에 대한 이해이다. 그리고 대학 생활을 잘 해야 한다. 이 책에서는 자기 스스로에 대한 이해, 바람직하고 슬기로운 대학 생활, 삶의 방향성에 대한 고찰, 그리고 직업에 대한 고민이라는 네 가지 주제를 다루고 있다. 오늘 갑자기 뭔가 엄청난 것을 하라는 것이 아니다. 시나브로 경험을 쌓는 것은 누구나 할 수 있다. 그 안에 중심이 되는 나만의 색깔 더하기를 필자들이 돕고자 한다.', 280, 'https://contents.kyobobook.co.kr/sih/fit-in/458x0/pdt/9791160051384.jpg', 65);
insert into book
values('9784274224393', '구조설계 과정도집', '오오노히로시', '옴사', '2020-02-18', '이 책은 구조 설계의 전 과정을 한눈에 볼 수 있도록 체계적으로 정리한 종합적인 가이드입니다. 구조 설계의 기본 원리부터 실제 적용 사례까지 다양한 내용을 다루며, 독자들이 이해하기 쉽도록 풍부한 도표와 예제를 포함하고 있습니다. 또한 최신 설계 기준과 재료 선택 방법, 구조 모델링 기법 등을 상세히 설명하여, 이론과 실무를 겸비한 지식을 제공합니다. ', 173, 'https://contents.kyobobook.co.kr/sih/fit-in/458x0/pdt/9784274224393.jpg', 18);
insert into book
values('9788937834790', '정의란 무엇인가', '마이클 샌델', '와이즈베리', '2014-11-20', '한국에 ‘정의’ 열풍을 불러일으킨 마이클 샌델은 구제 금융, 대리 출산, 동성 결혼, 과거사 공개 사과 등 현대 사회에서 우리가 흔히 부딪히는 문제를 통해 ‘무엇이 정의로운가’에 대한 해답을 탐구했다. 이 책은 탁월한 정치 철학자들이 남긴 시대를 초월한 철학적인 질문을 알기 쉽게 소개한다. 이를 통해 옳고 그름, 정의와 부당함, 평등과 불평등, 개인의 권리와 공동선을 둘러싼 주장들이 경쟁하는 공적 담론과 토론의 장에서 정의에 관한 자신만의 견해를 정립하고 논리 기반을 굳건하게 다지는 토대를 제공한다. 이 책은 현대 사회의 문제를 진단하고 새로운 대안을 찾아내는 정치 철학자들의 지적 탐색 과정을 보여준다.', 443, 'https://contents.kyobobook.co.kr/sih/fit-in/458x0/pdt/9788937834790.jpg', 36);
insert into book
values('9791171712144', '온라인과 오프라인 사이에서 철학하다', '도야 히로시', '위즈덤하우스', '2024-05-28', '철학 사상이라고 하면 어렵고 무거울 거라 짐작하지만, 실생활에서 피부로 느끼는 질문과 만나면서 새로운 생각의 길이 열린다. 저자는 우리가 SNS를 하면서 느끼는 인정받고자 하는 마음에는 “인정 욕구는 필연적으로 좌절한다”는 헤겔의 말을, SNS에서 벌어지는 말다툼을 두고는 “아프다는 말에는 아픔이 없다”는 비트겐슈타인의 언어 철학을 가져온다. 철학자들의 사상을 적재적소에 풀어내는 작가의 저력은 이 모든 이야기를 무겁지 않게, 10대부터 철학에 입문하고자 하는 성인까지 누구나 따라갈 수 있는 언어로 말한다는 데에 있다. 거기에 더해 국내판의 일러스트를 맡은 불키드 작가의 통찰력 있는 그림은 주제에 대한 생각을 한 번 더 이끌어 낸다.', 144, 'https://contents.kyobobook.co.kr/sih/fit-in/458x0/pdt/9791171712144.jpg', 34);
insert into book
values('9791168341982', '신지영 교수의 언어감수성 수업', '신지영', '인플루엔셜', '2024-05-31', '이 책은 현대 사회에서 필수적인 능력인 언어감수성을 다루며, 관계의 관점에서 말하기를 새롭게 배우도록 안내합니다. 신지영 교수는 언어가 단순히 성공을 위한 도구가 아니라, 진실한 관계를 맺고 행복을 추구하는 수단임을 강조합니다. 그는 일상의 대화법부터 직장 내 소통법까지 다양한 사례를 통해 실용적인 방법을 제시하며, 독자들에게 언어 습관의 중요성을 일깨웁니다. 특히, 존중의 언어가 어떻게 존중의 문화를 형성하는지, 그리고 잘못된 언어 습관이 어떻게 관계를 망치고 고립을 초래하는지에 대해 깊이 있게 탐구합니다. 이 책은 좋은 관계를 맺고 행복한 삶을 살기 위해 언어를 어떻게 활용해야 하는지에 대한 구체적인 조언을 제공합니다.', 348, 'https://contents.kyobobook.co.kr/sih/fit-in/458x0/pdt/9791168341982.jpg', 65);
INSERT INTO book 
VALUES ('9780061120084', '앵무새 죽이기', '하퍼 리', '열린책들', '2015-06-01', '미국 남부의 작은 마을을 배경으로 인종차별과 사회적 부조리를 다룬 하퍼 리의 대표작이다. 주인공 스카웃 핀치와 그녀의 아버지 애티커스 핀치가 중심이 되어 전개되는 이야기로, 법정 드라마와 성장 소설의 요소가 결합되어 있다. 이 작품은 1961년 퓰리처상을 수상하였으며, 현재까지도 많은 독자들에게 사랑받고 있다.', 384, 'https://contents.kyobobook.co.kr/sih/fit-in/458x0/pdt/9780061120084.jpg', 132);
INSERT INTO book 
VALUES ('9780451524935', '1984', '조지 오웰', 'Signet Book', '1950-07-01', '전체주의와 독재에 대한 경고를 담은 디스토피아 소설로, 빅 브라더의 감시와 통제를 받는 오세아니아 사회에서 벌어지는 이야기를 통해 인간의 자유와 존엄성을 탐구한다. 조지 오웰의 대표작으로, 전 세계적으로 큰 영향을 미친 작품이다.', 352, 'https://contents.kyobobook.co.kr/sih/fit-in/458x0/pdt/9780451524935.jpg', 132);
INSERT INTO book 
VALUES ('9788937461491', '무진기행', '김승옥', '민음사', '2007-08-03', '1960년대를 대표하는 소설로, 주인공 윤희중이 서울에서 고향 무진을 찾았다가 떠나는 짧은 여정을 통해 현대인의 소외와 고독을 그린 작품이다. 김승옥 작가는 섬세한 문체로 인간 내면의 갈등을 생생하게 묘사하며 한국 현대문학에 큰 영향을 끼쳤다.', 405, 'https://contents.kyobobook.co.kr/sih/fit-in/458x0/pdt/9788937461491.jpg', 129);
insert into book
values('9791140702589', '당신도 느리게 나이 들 수 있습니다', '정희원', '더퀘스트', '2023-01-17', '《당신도 느리게 나이 들 수 있습니다》는 의학, 과학, 사회학, 심리학, 경제학, 인문학, 종교를 넘나들며 정희원 교수가 구축한 4M 건강법을 소개한다. 해당 건강법은 모두 과학자들이 밝힌 연구들과 함께 제시되었다. 해당 방법들은 대개 편안하고자 하는 본능에 어긋나기 때문에 실행하는 데는 힘이 들 수 있다. 하지만 이 연구 결과들을 종합해보건대, 당신의 수명은 최소한 12년 정도 연장될 것이다.', 	288, 'https://contents.kyobobook.co.kr/sih/fit-in/458x0/pdt/9791140702589.jpg', 9);
insert into book
values('9788954450393', '가짜 노동', '데니스 뇌르마르크', '자음과모음', '2024-04-17', '『가짜 노동:스스로 만드는 번아웃의 세계』는 우리 사회에 금기시되었던, 하는 일 없이 바쁘고 무의미하게 시간만 낭비하는 일, 즉 ‘가짜 노동’은 무엇이고, 어떻게 우리의 과잉 노동을 불러왔는지에 대해 깊숙이 탐구한다. 실질적인 통계 자료 외에도 노동 문제 전문가와의 대화, 다양한 조직에서 자신의 가짜 노동을 깨달은 사람들의 솔직한 인터뷰를 통해 왜곡돼 있던 노동의 실체를 만날 수 있다. 덴마크 인류학 분야에서 가장 많이 인용되는 저작들을 남긴 데니스 뇌르마르크와 철학자 아네르스 포그 옌센은 이 책을 통해 자신들의 노동, 문화, 정치, 역사, 사회에 대한 폭넓은 지식을 바탕으로 노동에 대한 새로운 철학적 관점을 제시한다.', 416, 'https://contents.kyobobook.co.kr/sih/fit-in/458x0/pdt/9788954450393.jpg', 12);
insert into book
values('9791169954983', '황금시대의 중국 아동문학', '주쯔창', '학고방', '2024-05-31', '이 책은 작가와 작품들을 간단히 나열한 것이 아니라 필자에게 아동문학의 “황금시대”를 이해하고 해설하는 데 계시를 주었던 작가와 작품들을 중심으로 논의했다. 지면의 한계로 이 책에서는 단지 일부분의 작가와 작품에 대한 비평과 소개를 통해 “황금시대” 중국 아동문학의 발전 추세에 대한 윤곽만 그렸을 뿐 이 시기 아동문학의 전모를 보여주지 못했다. 필자가 미처 여기에서 소개하지 못한 훌륭한 작가들과 작품들에 대해 깊은 아쉬움을 보낸다. 이 책에서 평가한 아동문학 작자와 작품에 대만, 홍콩, 그리고 마카오 지역의 작가와 작품은 제외된다는 것도 함께 밝혀둔다.', 268, 'https://contents.kyobobook.co.kr/sih/fit-in/458x0/pdt/9791169954983.jpg', 10);
insert into book
values('9788978125314', '톰 스토파드 연구: 혼돈과 질서로서의 세계', '김태우', '국민대락교출판부', '2024-02-29', '톰스토파드가 영국을 대표하는 극작가로 불리게 한 건 단순히 스토파드가 활동을 했던 반세기가 넘는 시간에만 있지 않았다. 작품을 면밀하게 분석하면 이해가 되는 톰 스토파드만의 특징들,가령 양자역학과 같은 과학이론 혹은 추리물의 연극화, 영국색이 뚜렷한 희극적 언어의 사용을 들 수 있다. 또한 작품에 스며 있는 개인주의에 기초한 인간관, 혼돈과 질서의 세계관을 만나고 나면 톰 스토파드라는 극작가에게 더욱 다가설 수 있다. 이러한 의미에서 톰 스토파드의 20세기까지 결과물12가지를 추려 넣은 《 톰 스토파드 연구: 혼돈과 질서로서의 세계 》는 그가 지향한 주제와 형식의 변화 양상이 어떠한지를 파악할 수 있게끔 도와준다. 그리고 기존 문학연구서에서는 쉽게 보기 힘든, 작가 개인의 인간관과 세계관이 드러나 있어 우리 삶이 문학과 동떨어져 있지 않음을 알게 되는 것도 이 책의 큰 수확이다.', 360, 'https://contents.kyobobook.co.kr/sih/fit-in/458x0/pdt/9788978125314.jpg', 9);
insert into book
values('9791156006510', '소프트웨어 공학 기본원리', '이성구', '홍릉과학출판사', '2020-02-28', '이 책은 소프트웨어공학을 다룬 이론서입니다. 소프트웨어공학의 기초적이고 전반적인 내용을 학습할 수 있습니다.', 594, 'https://contents.kyobobook.co.kr/sih/fit-in/458x0/pdt/9791156006510.jpg', 65);
insert into book
values('9791195795529', '삐뽀삐뽀 119 이유식', '하정훈', '유니책방', '2017-12-01', '최신 의학 지식에 근거한 과학적 이유식, 초보맘도 만들기 쉬운 만만한 이유식 『삐뽀삐뽀 119 이유식』 전면개정판. 2005년 초판 출간 이래 아기들의 이유식 정석을 이끌어온 책으로, 최신의 의학 정보를 바탕으로 과학적이고 체계적으로 이유식 하는 방식, 좀더 쉽고 재밌게 요리하여 초보 엄마아빠도 따라 할 수 있도록 도운 레시피, 좀더 보기 편한 디자인, 무엇보다 동영상을 보며 따라 할 수 있도록 링크를 걸어 새롭게 펴냈다.', 376, 'https://contents.kyobobook.co.kr/sih/fit-in/458x0/pdt/9791195795529.jpg', 65);
insert into book
values('9791161340098', '베이킹은 과학이다', '나카야마 히로노리', '터닝포인트', '2017-11-10', '『베이킹은 과학이다』는 베이킹을 마스터할 수 있도록 그동안 독자들이 가지고 있었을 의문을 Q&A 형식을 빌어 과학적으로 설명해 실패의 이유를 정확하게 알 수 있게 해주고, 이를 통해 같은 실수를 반복하는 오류를 없앨 수 있도록 이끌어준다. 참고 배합 사례를 바탕으로 반죽을 최상의 상태로 만드는 결정적 포인트와 이를 위한 다양한 방법을 중점적으로 설명해 각자가 원하는 베이킹을 할 수 있도록 도와준다.', 328, 'https://contents.kyobobook.co.kr/sih/fit-in/458x0/pdt/9791161340098.jpg', 66);
insert into book
values('9788986836967', ' 가무사리 숲의 느긋한 나날', '미우라 시온', '청미래', '2024-06-05', '관객들에게 자연과 사람들의 이야기로 힐링을 선사했던 영화 「우드잡」의 원작 소설이자, 「마호로 역 다다 심부름집」과 「배를 엮다」로 나오키 상과 서점대상을 모두 수상한 최초의 작가 미우라 시온의 작품이 새롭게 독자들을 찾아왔다. 고등학교 졸업 후, 적당히 알바나 하면서 살 생각이었던 청년 히라노 유키는 갑자기 휴대전화도 터지지 않는 산골, 가무사리 마을에서 임업 현장에 투입된다. 나무에 쌓인 눈을 털어내는 눈 일으키기, 목재로서 잘 자랄 수 있도록 나무의 잔 가지를 정리하는 가지치기, 나무를 벤 곳에 새로운 나무 심기 같은 힘든 작업과, 꽃가루 알레르기, 벌레의 습격 등으로 고된 일상을 마주하게 되지만, 유키는 계절에 따라 달라지는 숲의 아름다움에 눈을 뜨고 함께 일하는 사람들과도 점점 단단한 유대를 맺으면서 긴 호흡으로 산림을 보살피는 임업의 세계에 빠져들게 된다. ', 312, 'https://contents.kyobobook.co.kr/sih/fit-in/458x0/pdt/9788986836967.jpg', 130);
insert into book
values('9788925575032', '가까이, 그녀', '왕딩궈', '알에이치코리아', '2024-05-22', '십 대 때 대만 유수의 문학상을 휩쓴 뒤 돌연 절필, 20년 후 장편소설로 돌아온 대만 문단의 총아 왕딩궈 작가의 신간 『가까이, 그녀』가 출간되었다. 『가까이, 그녀』는 한 남자의 인생과 사랑에 관한 이야기로 가석방으로 풀려난 57세의 남자 류량허우가 1인칭 시점으로 독자에게 자신의 반평생을 털어놓는 것으로 전개된다. 어려서부터 가난한 가정에서 자라 출세를 열망했던 주인공은 또래 남자아이들이 대학 캠퍼스를 즐겁게 누빌 나이에 시계점에서 경제 활동을 택한다. 량허우에게 시간은 곧 돈이었다. 여자 주인공 위민쑤는 남성 헤게모니가 강한 지역 정치 가문 출신으로 의식주 걱정은 해본 적 없지만, 가족 내에서 성차별에 시달린다. 아무런 접점이 없던 두 남녀 주인공은 6년 후 혼인과 가정의 성립이라는 운명을 맞는다. 이 소설은 다양한 그룹의 인물이 처한 상황과 관계를 량허우의 시각으로 풀어나간다. 얽히고 풀리고, 또 끊어지고 이어지는 그 모든 전개를 독자들이 세심하게 감상해주길 기대하면서.', 360, 'https://contents.kyobobook.co.kr/sih/fit-in/458x0/pdt/9788925575032.jpg', 130);
insert into book
values('9791193984024', '부산 느와르 미스터리', '박대겸', '오러', '2024-06-10', '원고 펑크를 목전에 둔 소설가 박대겸.하얀 모니터 앞에서 희한한 꿈을 꾸고 일어났더니 자신이 쓰지도 않은 희한한 원고가 컴퓨터에 빼곡히 저장돼 있다! 파일 이름은 ‘부산 느와르’. 정말 이야기의 신이 기도를 이뤄준 것인가?!', 480, 'https://contents.kyobobook.co.kr/sih/fit-in/458x0/pdt/9791193984024.jpg', 129);
insert into book
values('9791191131727', '도시에 대한 권리', '앙리 르페브르', '이숲', '2024-06-15', '‘도시에 대한 권리’는 20세기 프랑스 철학자이자 사회학자, 농촌학자이자 도시연구가이며 사회 다방면에 걸친 참여 사상가로 알려진 앙리 르페브르가 창시한 개념으로, 이 책의 제목이기도 하다. 프랑스 68혁명 당시 하나의 시위 구호로 사용될 만큼 당시 도시 문제에 상당한 영향을 미친 그의 대표 저서가 2024년 국내 처음 번역 출간되었다. 저자는 고대에서부터 중세, 현대에 이르기까지 변화하는 도시에 대한 역사적, 철학적 통찰을 바탕으로 과거 도시들이 제공하던 사용 가치들이 산업화를 거치며 기능만을 중시한 교환가치로 변환되었으며, 이로 인해 도시가 피폐화하는 현상이 생겼다고 진단한다. 더 나아가 도시 현상을 극단적인 이성주의로 분석하는 파편화된 시각이 아니라 전체적 관점에서 바라보는 도시 철학의 필요성을 역설한다. 그가 주장하는 ‘도시에 대한 권리’는 단순히 도시에서 살아갈 권리가 아니라 도시다운 도시에서 삶을 누릴 시민의 권리이며, 이는 새로운 인본주의적 도시 이론 선언에 가깝다. 1968년 프랑스 5월 학생 혁명을 전후해 쓰인 이 저서는 놀랍게도 현대 도시가 내포한 문제점들을 해결하기 위해 제시된 현재의 도시 정책들과도 맥을 같이한다.', 264, 'https://contents.kyobobook.co.kr/sih/fit-in/458x0/pdt/9791191131727.jpg', 36);
insert into book
values('9788998441012', '모순', '양귀자', '쓰다', '2013-04-01', '양귀자 소설의 힘을 보여준 베스트셀러 『모순』. 1998년에 초판이 출간된 이후 132쇄를 찍으며 여전히 많은 사랑을 받고 있는 작품을, 오래도록 소장할 수 있는 양장본으로 새롭게 선보인다. 스물다섯 살 미혼여성 안진진을 통해 모순으로 가득한 우리의 인생을 들여다본다. 작가 특유의 섬세한 문장들로 여러 인물들의 삶을 생생하게 그려내고 있다. 시장에서 내복을 팔고 있는 억척스런 어머니와 행방불명 상태로 떠돌다 가끔씩 귀가하는 아버지, 조폭의 보스가 인생의 꿈인 남동생을 가족으로 둔 안진진. 어머니와 일란성 쌍둥이인 이모는 부유하지만 지루한 삶에 지쳐 있고, 가난한 어머니는 처리해야 할 불행들이 많아 지루할 틈이 없다. 안진진은 사뭇 다른 어머니와 이모의 삶을 바라보며 모순투성이인 삶을 어떻게 이해해야 하는지 고민하기 시작하는데….이 작품이 출간된 지 15년, 모순으로 얽힌 삶은 여전히 어렵기만 하지만 인생을 그냥 흘려보내고 있는 많은 사람들에게 새롭게 인생을 돌아보는 계기를 마련해준다. 일상의 지극히 사소한 에피소드들을 선별해 들려주며, 인생은 그냥 받아들이는 것이 아니라 탐구하면서 살아야 하는 것임을 이야기한다.', 284, 'https://contents.kyobobook.co.kr/sih/fit-in/458x0/pdt/9788998441012.jpg', 129);
insert into book
values('9791130649672', '흐르는 강물처럼', '셸리 리드', '다산책방', '2024-01-08', '이 소설은 자신이 아무것도 아닌 줄만 알았던 열일곱 살 소녀가 사랑의 환희와 상실의 고통을 온몸으로 감내하는 번데기 시절을 거쳐 비로소 나비가 되는 이야기다. 뒤돌아보지 않는 자연에서 배운, 거스를 수 없는 회복력으로 살아내는 주인공은 끝내 누구도 빼앗을 수 없는 결실을 거머쥔다. 시대가 흘러도, 사는 곳이 달라도 변치 않는 진실과 가치가 있다. 인간이 발 딛고 사는 곳이라면 어디나 ‘흐르는 강물처럼 살라’는 말이 무엇을 뜻하는지 공통의 함의에 도달할 수 있다. 이 소설은 1970년대에 실제로 수몰지구가 되어 물속으로 사라진 콜로라도의 역사적 사건을 담고 있지만, 장소와 시간을 언제 어디로 바꾸어 보더라도 독자는 거기서 자기 삶의 편린을 발견할 수 있을 것이다. 언어가 바뀌어도 뜻이 통하는 ‘흐르는 강물처럼(Go as a River)’이라는 관용구처럼.', 448, 'https://contents.kyobobook.co.kr/sih/fit-in/458x0/pdt/9791130649672.jpg', 132);
insert into book
values('9791130646381', '이처럼 사소한 것들', '클레어 키건', '다산책방', '2023-11-27', '2023년 4월 국내에 처음 소개된 『맡겨진 소녀』로 국내 문인들과 문학 독자들의 열렬한 환호를 받은 클레어 키건의 대표작 『이처럼 사소한 것들』이 다산책방에서 번역 출간되었다. 작가가 전작 『맡겨진 소녀』 이후 11년 만에 세상에 내놓은 소설로, 자국에서는 이미 오래전부터 거장의 반열에 오른 키건에게 미국을 넘어 세계적인 명성을 안겨준 작품이다. 2022년 부커상 최종후보에 오르고, 같은 해 오웰상(소설 부문), 케리그룹 문학상 등 유수의 문학상을 휩쓸었으며, 특히 부커상 심사위원회는 “아름답고 명료하며 실리적인 소설”이라는 평을 보내며 이 소설이 키건의 정수가 담긴 작품임을 알렸다. 전 세계 독자들의 사랑과 언론의 호평을 받으며 베스트셀러에 오른 이 책은, 자신이 속한 사회 공동체의 은밀한 공모를 발견하고 자칫 모든 걸 잃을 수 있는 선택 앞에서 고뇌하는 한 남자의 내면을 그린 작품이다. 키건 특유의 섬세한 관찰과 정교한 문체로 한 인간의 도덕적 동요와 내적 갈등, 실존적 고민을 치밀하게 담아냈다. 저자의 열렬한 팬으로 유명한 아일랜드 출신의 배우 킬리언 머피는 직접 제작과 주연을 맡아 이 소설을 영화로 만들고 있으며 현재 모든 촬영을 마친 상태이다.', 131, 'https://contents.kyobobook.co.kr/sih/fit-in/458x0/pdt/9791130646381.jpg', 132);
insert into book
values('9791138483049', '녹나무의 여신', '히가시노 게이고', '소미미디어', '2024-05-23', '전편에서는 불우한 가정환경에서 자라 절도범이 된 레이토가 녹나무 파수꾼으로 일하며 녹나무의 신비한 기념 의식에 관해 알게 되고 개과천선하는 과정을 다뤘다면, 《녹나무의 여신》은 레이토가 여러 사람과 만나 우여곡절을 거듭하며 기적의 새로운 의미를 찾아가는 내용이다. 봄바람만큼 따뜻한 감동과 반전을 일으키며 언제든 곁에 두고 읽기 좋은 소설이다. 그러다 보면 이 착한 이야기가 우리를 신비롭게 물들일 수 있기를.', 400, 'https://contents.kyobobook.co.kr/sih/fit-in/458x0/pdt/9791138483049.jpg', 130);
insert into book
values('9791165075064', '녹나무의 파수꾼', '히가시노 게이고', '소미미디어', '2020-03-17', '천애고아, 무직, 절도죄로 유치장 수감 중. 그야말로 막장인생 그 자체인 청년 레이토. 그런 그에게 일생일대의 기묘한 제안이 찾아온다. 변호사를 써서 감옥에 가지 않도록 해줄 테니 그 대신 시키는 대로 하라는 것. 제안을 받아들인 레이토 앞에 나타난 사람은 지금까지 존재를 알지 못했던 이모라고 한다. 그녀는 레이토만이 할 수 있다며 ‘월향신사’라는 곳의 ‘녹나무’를 지키는 일을 맡긴다. 그 녹나무는 이른바 영험한 나무로, 많은 사람들이 기도를 하러 온다. 그러나 단순히 기도를 한다기엔 그 태도에는 무언가 석연찮은 것이 있다. 일한지 한 달 정도 지났을 무렵, 레이토는 순찰을 돌다 여대생 유미와 마주친다. 유미는 자신의 아버지가 여기서 도대체 무슨 기도를 하는지 파헤치려 뒤쫓아 온 것. 레이토는 반은 호기심에, 반은 어쩌다보니 유미에게 협력하게 된다.', 556, 'https://contents.kyobobook.co.kr/sih/fit-in/458x0/pdt/9791165075064.jpg', 130);
insert into book
values('9791167901484', '나미야 잡화점의 기적', '히가시노 게이고', '현대문학', '2022-12-19', '2012년 12월 19일 국내에 번역 출간된 이래 10년 연속 역대 최장기 베스트셀러 소설의 자리를 지키며, 2017년 지난 10년간 가장 많이 판매된 소설 1위, 2018년 국내 누적 판매 100만 부, 2019년 2010년대 베스트셀러 2위(소설 분야 1위), 2020년 초판 100쇄 돌파, 2022년 현재 170만 독자의 선택이라는 대기록을 세운 “21세기 가장 경이로운 베스트셀러”(교보문고), 한국인이 가장 사랑하는 일본 작가 히가시노 게이고의 아주 특별한 대표작 『나미야 잡화점의 기적』이 국내 출간 10주년을 맞아 무선 보급판으로 발간된다. 위로와 공감을 얻을 수 있는 따뜻한 공간을 그린 초판 표지의 감동을 그대로 담아낸 무선판은 다소 무게감 있었던 양장판과 다르게 누구나 가볍게 들고 다니며 읽을 수 있도록 했다. 또 10주년을 기념해 표지를 바탕으로 제작한 모바일 메신저 테마를 배포해 독자들의 성원에 보답할 예정이다.', 456, 'https://contents.kyobobook.co.kr/sih/fit-in/458x0/pdt/9791167901484.jpg', 130);
insert into book
values('9791198695444', '협력의 진화', '로버트 액설로드', '시스테마', '2024-05-20', '호혜주의를 기반으로 하는 이타주의가 자연적으로 진화될 수 있음을 과학적으로 증명한다. 『협력의 진화』는 죄수의 딜레마에 대한 획기적인 컴퓨터 모의실험으로 일시에 유명해졌으며, 1984년에 초판이 나온 이래 2006년 개정판, 2024년 40주년 특별판이 출간되기까지 과학, 사회, 정치, 경제, 문학 등 다양한 분야에 막대한 영향을 끼쳤다. 진화론에 의하면 생명은 경쟁을 통해 진화하며, 순수 이타주의는 진화될 수 없다. 그럼에도 생물계와 인간 사회에는 상호협력과 호의가 넘쳐나는데 이를 어떻게 설명할 수 있을까? 인류의 오랜 궁금증이 1984년에 풀렸다. 액셀로드 교수는 죄수의 딜레마 게임을 바탕으로 하는 컴퓨터 대회를 열어 다양한 전략들을 대전시켰다. 그 결과 놀랍게도 최종우승자는 가장 간단하고 협력적인 프로그램 팃포탯(Tit for Tat, TFT: 눈에는 눈 이에는 이, 맞대응)이었다. 이를 토대로 협력이 강제 없이도 자연적으로 창발한다는 사실이 ‘수학적으로’ 증명되었다. 여기에서 중요한 점은 두 개체의 관계가 오래 지속된다는 전제이다. 장기적인 관계에서는 욕심을 부리는 편보다 도움을 주고받는 편이 이득이었다. 저자는 팃포탯의 장점을 독자들에게 설득하며 주변에도 알리라고 제언한다. 『협력의 진화』는 사회학, 정치학, 생물학, 게임이론에 관심이 있다면 꼭 읽어야 할 이 분야의 고전이다.', 308, '이미지', 20);
insert into book
values('9788972918295', '검지 않은 깊은 산', '베키 스메서스트', '까치', '2024-04-15', '저자는 우리가 알고 있는 블랙홀에 대한 지식에 잘못된 구멍들이 너무나 많다고 설명하면서, 블랙홀이라는 이름 자체부터 이런 오해를 불러일으킨다고 지적한다. 실제로 블랙홀은 검은 구멍이 아니다. 오히려 물질이 너무나 많이 엄청나게 높은 밀도로 쌓여 있는, 우주에서 가장 밝게 빛나는 산이다. 또한 빛조차 빠져나올 수 없을 정도로 모든 것을 엄청난 힘으로 빨아들이는 싱크대 구멍이나 진공청소기가 아니라 오히려 푹신한 소파 쿠션에 가깝다. 저자는 왜 이렇게 블랙홀에 대한 오해와 오류가 쌓이게 되었는지를 과학의 역사와 최신 연구 성과를 곁들여 흥미로운 이야기로 풀어놓는다. 이 책은 우리가 알아야 할 블랙홀의 진짜 모습을 생생하게 설명하는 동시에, 블랙홀에 대한 우리의 관점을 무시무시한 천체에서 우리와 함께 살아가는 친절한 이웃으로 바꿔놓는다.', 254, 'https://contents.kyobobook.co.kr/sih/fit-in/458x0/pdt/9788972918295.jpg', 20);
insert into book
values('9791171711994', '식물에 관한 오해', '이소영', '위즈덤하우스', '2024-05-22', '『식물의 책』 『식물과 나』 등의 전작을 통해 식물의 세계, 그리고 식물과의 관계 맺음에 관해 누구보다 세심하게 들여다본 식물세밀화가·원예학 연구자 이소영 저자가 이번에는 식물을 마주하는 올바른 시선에 대해 이야기한다. 『식물에 관한 오해』는 저자가 16년간 식물을 관찰하고 기록해온 시간 동안 맞닥뜨린 식물에 관한 크고 작은 오해와 편견을 모은 책으로, 이를 바탕으로 식물을 향한 기존의 시선에서 벗어나 식물의 다채로운 모습과 강인한 생존력을 제대로 바라보길 권한다. 매 장마다 수록된 아름답고 정밀한 식물세밀화가 그 이해를 돕는다. 주변에서 쉽게 만날 수 있는 틈새 식물에 관한 편견, 무화과는 꽃을 피우지 않는다는 착각, 능소화 꽃가루에 관한 오해, 매일의 식탁에 오르는 쌀이나 채소·과일에 대한 이해, 생존을 위해 잎과 꽃을 여닫는 식물의 전략, 동물을 이용한 도깨비바늘의 이동력 등 사람들이 식물에 관해 갖고 있는 오해나 편견을 되짚고, 번식을 위해 누구보다 치열하게 살고 있는 식물의 강인함에 관해 이야기하는 데서 나아가, 식물을 이용하고 더불어 살아가는 입장에서 우리가 어떤 태도를 취해야 할지 생각해보게끔 한다.', 336, 'https://contents.kyobobook.co.kr/sih/fit-in/458x0/pdt/9791171711994.jpg', 17);
insert into book
values('9791166891496', '하늘과 바람과 별과 인간', '김상욱', '바다출판사', '2023-05-26', '〈알쓸인잡〉의 다정한 물리학자 김상욱이 5년 만에 신간으로 돌아왔다. 이번에는 물리학의 경계를 뛰어넘어 원자에서 인간까지 세상 모든 존재들에 대해 이야기한다. 물리학자에게 세상은 차갑게만 보일 거라는 선입견과 달리 김상욱이 과학의 언어로 그리는 세상은 그렇지 않다. 그는 말한다. 물리학자에게 사랑이란 필연의 우주에서 피어난 궁극의 우연이라고. 이보다 멋지게 과학의 언어로 사랑을 표현할 수 있을까? 저자는 기본 입자와 원자에서 시작해 존재의 층위들을 하나하나씩 밟아가며 물질과 생명, 그리고 더 나아가 우주와 인간이 어떻게 서로 연결되어 있는지 조망하며 차갑게만 느껴지던 우주가 물리학자의 시선 속에서 얼마나 따뜻할 수 있는지 보여준다. 세상을 이해하고 싶었던 한 소년의 지적 호기심이 물리학에서 화학과 생물학, 그리고 인문학으로 확장해간 김상욱의 지적 세계를 이 책에서 만나볼 수 있다. 더불어 우주와 우리에 대해 현대 과학이 도달한 지점을 한 권의 책에서 아울러 보여주고 있다는 점에서 현대인이 알아야 할 새로운 시대의 새로운 교양을 제시한다.', 404, 'https://contents.kyobobook.co.kr/sih/fit-in/458x0/pdt/9791166891496.jpg', 17);



insert into inventory
values ('9788937462788', 50, 14, 7200);
insert into inventory
values ('9788937460449', 30, 5, 7200);
insert into inventory
values ('9788971904398', 100, 30, 14400);
insert into inventory
values ('9788932916804', 50, 10, 16600);
insert into inventory
values ('9788932916811', 45, 5, 16600);

 -- 권한에대한 값: 0 회원, 1 관리자
 -- PW : 123
insert into user
values ('hanshin', '$2a$10$F.prSdYZwB06hJZ8iwSRjeTqDqB9gsNjJHwXf7bd64wzv4jxOVjoi', '김한신', 0, 'hanshin@naver.com', '안산');

-- PW : password
insert into user
values ('user123', '$2a$10$xcCSfVeLsZTFiHCfsfGeVOIxnmsUcMJSzwk6Mh.hF1PaQ0Bwv0T9q', '김유저', 0, 'user123@gmail.com', '경기도');

-- PW : db123
insert into user
values ('db123', '$2a$10$8YawBoDyG.wPCOwgUrirn.LOrr4jJsKK9hhUHCuDevHFe.20penWW', '김디비', 0, 'db123@gmail.com', '서울');

-- PW : q1w2e3r4
insert into user
values ('hello', '$2a$10$nXX2gO.ezSzSj5oVVUOHe.DySn0TWD9z.e2fpEl52iUNRz99B5x8y', '아무개', 1, 'hello@naver.com', '서울');

-- PW : asd
insert into user
values ('com', '$2a$10$HTelrynqD0bj/YHIHW00GOsauoxA1W1vVEdPJYJ0l3LADpT23yOE2', '이컴공', 1, 'com@hs.ac.kr', '강원도');

-- PW : root
insert into user
values ('root', '$2a$10$MS85viMf/PIHECZ1iNHtve9ed973KukSTqUIz8mjaHXLN2ye5aqCW', '관리자', 1, 'root@hs.ac.kr', '없음');

 -- isValid 에트리뷰트는 어떤 형식이든 주문 처리가 끝나면 0 (주문 취소, 배송 완료 등) 
insert into sale
values (24042401, 'hanshin', '2024-04-24', '서울특별시 종로구 청와대로 1', 2, 14400, 1);
insert into sale
values (24050101, 'hanshin', '2024-05-01', '서울특별시 종로구 청와대로 1', 3, 28800, 2);
insert into sale
values (24050301, 'user123', '2024-05-03', '서울특별시 영등포구 의사당대로 1', 1, 7200, 0);
insert into sale
values (24050302, 'user123', '2024-05-03', '서울특별시 영등포구 의사당대로 1', 2, 16600, 3);
insert into sale
values (24050401, 'db123', '2024-05-04', '서울특별시 서초구 반포대로 201', 1, 7200, 1);

insert into orderList
values ('hanshin', 24042401, '9788937462788', 1);
insert into orderList
values ('hanshin', 24042401, '9788937460449', 1);
insert into orderList
values ('hanshin', 24050101, '9788937462788', 1);
insert into orderList
values ('hanshin', 24050101, '9788971904398', 2);
insert into orderList
values ('user123', 24050301, '9788937460449', 1);
insert into orderList
values ('user123', 24050302, '9788932916804', 1);
insert into orderList
values ('db123', 24050401, '9788937460449', 1);

 -- rating은 0부터 10 사이의 정수값 
insert into review
values ('hanshin', '9788937462788', 8, '티비에서 많이 언급되길래 구입했는데 아주 재미있어요', '2023-03-12');
insert into review
values ('hanshin', '9788937460449', 10, '과거로 돌아간다면 난 어느 시점으로 돌아가고 싶을까 철부지 20대 시절 그 빛나던 시절에 난 무엇을 했던가 생각없이 방황하던 그 시간들이 이제와 돌이켜보면 너무 안타깝다. 지금 이 시간도 언젠가 또 그렇게 느껴지겠지...', '2013-03-22');
insert into review
values ('user123', '9788971904398', 9, '샌드위치에 대한 모든것. 단순히 샌드위치를 만드는 방법이 아닌 응용법을 알려주는 책이다.', '2022-03-01');
insert into review
values ('db123', '9788932916804', 8, '책을 곰곰히 읽어볼수록.. 우리가 이름으로만 알던 돈키호테는 그냥 이름과 이미지였을 뿐. 돈키호테를 중심으로한 세르반테스의 세계는 훨씬 크고 넓음.', '2024-05-30');
insert into review
values ('user1','9788932916804', 4, '진짜 크고 무겁고 두꺼워요 이걸로 사람 정수리 내려찍으면 기절시킬수 있을것 같아요', '2023-07-22');

insert into cart
values ('hanshin', '9788937462788', 2);
insert into cart
values ('hanshin', '9788937460449', 1);
insert into cart
values ('hanshin', '9788971904398', 4);
insert into cart
values ('db123', '9788932916804', 3);
insert into cart
values ('user123', '9788932916811', 1);

insert into orderHistory
values (24042401, '2024-04-24');
insert into orderHistory
values (24050101, '2024-05-01');
insert into orderHistory
values (24050301, '2024-05-03');
insert into orderHistory
values (24050302, '2024-05-03');
insert into orderHistory
values (24050401, '2024-05-04');

insert into managerOrder
values ('com', 24042801, '2024-04-28', '9788964620786', 5);
insert into managerOrder
values ('com', 24020202, '2024-02-02', '9788982734014', 14);
insert into managerOrder
values ('hello', 24040202, '2024-04-02', '9788937460449', 30);
insert into managerOrder
values ('hello', 24040301, '2024-04-03', '9788971904398', 20);
insert into managerOrder
values ('hello', 240401501, '2024-04-15', '9788982734014', 3);

